<?xml version="1.0" encoding="UTF-8"?>
<?xml-stylesheet type="text/xsl" href="XSLT/Ramsdale.xsl"?>
<igraci>
    <igrac>
        <ime>Aaron</ime>
        <prezime>Ramsdale</prezime>
        <godine>24</godine>
        <visina>190 cm</visina>
        <broj>32</broj>
        <pozicija>Goalkeeper</pozicija>
    </igrac>

    <igrac>
        <ime>Takehiro</ime>
        <prezime>Tomiyasu</prezime>
        <godine>23</godine>
        <visina>188 cm</visina>
        <broj>18</broj>
        <pozicija>Right-back</pozicija>
    </igrac>

    <igrac>
        <ime>Benjamin</ime>
        <prezime>White</prezime>
        <godine>24</godine>
        <visina>182 cm</visina>
        <broj>4</broj>
        <pozicija>Centre-back</pozicija>
    </igrac>

    <igrac>
        <ime>Gabriel</ime>
        <prezime>Magalhães</prezime>
        <godine>24</godine>
        <visina>190 cm</visina>
        <broj>6</broj>
        <pozicija>Centre-back</pozicija>
    </igrac>

    <igrac>
        <ime>Kieran</ime>
        <prezime>Tierney</prezime>
        <godine>24</godine>
        <visina>178 cm</visina>
        <broj>3</broj>
        <pozicija>Left-back</pozicija>
    </igrac>

    <igrac>
        <ime>Thomas</ime>
        <prezime>Partey</prezime>
        <godine>28</godine>
        <visina>185 cm</visina>
        <broj>5</broj>
        <pozicija>Midfielder</pozicija>
    </igrac>

    <igrac>
        <ime>Granit</ime>
        <prezime>Xhaka</prezime>
        <godine>29</godine>
        <visina>186 cm</visina>
        <broj>34</broj>
        <pozicija>Midfielder</pozicija>
    </igrac>

    <igrac>
        <ime>Martin</ime>
        <prezime>Ødegaard</prezime>
        <godine>23</godine>
        <visina>178 cm</visina>
        <broj>8</broj>
        <pozicija>Midfielder</pozicija>
    </igrac>

    <igrac>
        <ime>Bukayo</ime>
        <prezime>Saka</prezime>
        <godine>20</godine>
        <visina>178 cm</visina>
        <broj>7</broj>
        <pozicija>Winger</pozicija>
    </igrac>

    <igrac>
        <ime>Gabriel</ime>
        <prezime>Martinelli</prezime>
        <godine>20</godine>
        <visina>178 cm</visina>
        <broj>35</broj>
        <pozicija>Winger</pozicija>
    </igrac>

    <igrac>
        <ime>Eddie</ime>
        <prezime>Nketiah</prezime>
        <godine>22</godine>
        <visina>180 cm</visina>
        <broj>30</broj>
        <pozicija>Striker</pozicija>
    </igrac>
    
</igraci>
